Protein_ID,Top10_GO
C0SPC1,"['hydrolase activity [GO:0016787]', 'hexosyltransferase activity [GO:0016758]', 'metal ion binding [GO:0046872]', 'kinase activity [GO:0016301]', 'acyltransferase activity, transferring groups other than amino-acyl groups [GO:0016747]', 'acyltransferase activity [GO:0016746]', 'ATP binding [GO:0005524]', 'methyltransferase activity [GO:0008168]', 'phosphorelay sensor kinase activity [GO:0000155]', 'phosphatase activity [GO:0016791]']"
O07532,"['cysteine-type peptidase activity [GO:0008234]', 'hydrolase activity, hydrolyzing O-glycosyl compounds [GO:0004553]', 'N-acetylmuramoyl-L-alanine amidase activity [GO:0008745]', 'serine-type endopeptidase activity [GO:0004252]', 'transferase activity [GO:0016740]', 'ligase activity [GO:0016874]', 'endopeptidase activity [GO:0004175]', 'oxidoreductase activity [GO:0016491]', 'metalloendopeptidase activity [GO:0004222]', 'metal ion binding [GO:0046872]']"
O31611,"['kinase activity [GO:0016301]', 'GTP binding [GO:0005525]', 'RNA binding [GO:0003723]', 'ATP binding [GO:0005524]', 'transferase activity [GO:0016740]', 'DNA binding [GO:0003677]', 'metal ion binding [GO:0046872]', 'zinc ion binding [GO:0008270]', 'endonuclease activity [GO:0004519]', 'hydrolase activity [GO:0016787]']"
O31774,"['identical protein binding [GO:0042802]', 'RNA binding [GO:0003723]', 'DNA binding [GO:0003677]', 'ribosome binding [GO:0043022]', 'nuclease activity [GO:0004518]', 'protein dimerization activity [GO:0046983]', 'GTPase activity [GO:0003924]', 'DNA-directed RNA polymerase activity [GO:0003899]', 'rRNA binding [GO:0019843]', 'GTP binding [GO:0005525]']"
O31775,"['metal ion binding [GO:0046872]', 'magnesium ion binding [GO:0000287]', 'nucleotide binding [GO:0000166]', 'ATP binding [GO:0005524]', 'zinc ion binding [GO:0008270]', 'aminopeptidase activity [GO:0004177]', 'RNA binding [GO:0003723]', 'manganese ion binding [GO:0030145]', 'hydrolase activity [GO:0016787]', 'acyltransferase activity [GO:0016746]']"
O32062,"['heme binding [GO:0020037]', 'electron transfer activity [GO:0009055]', 'double-stranded DNA binding [GO:0003690]', 'oxidoreductase activity [GO:0016491]', 'hydrolase activity, hydrolyzing O-glycosyl compounds [GO:0004553]', 'transferase activity [GO:0016740]', 'copper ion binding [GO:0005507]', 'metal ion binding [GO:0046872]', 'peptidase activity [GO:0008233]', 'iron ion binding [GO:0005506]']"
O32076,"['proton-transporting ATP synthase activity, rotational mechanism [GO:0046933]', 'identical protein binding [GO:0042802]', 'DNA binding [GO:0003677]', 'DNA-directed RNA polymerase activity [GO:0003899]', 'nuclease activity [GO:0004518]', 'zinc ion binding [GO:0008270]', 'transferase activity [GO:0016740]', 'structural constituent of ribosome [GO:0003735]', 'RNA binding [GO:0003723]', 'copper ion binding [GO:0005507]']"
O32219,"['transmembrane transporter activity [GO:0022857]', 'monoatomic cation transmembrane transporter activity [GO:0008324]', 'metal ion binding [GO:0046872]', 'GTP binding [GO:0005525]', 'identical protein binding [GO:0042802]', 'symporter activity [GO:0015293]', 'serine-type endopeptidase activity [GO:0004252]', 'ATP binding [GO:0005524]', 'proton-transporting ATP synthase activity, rotational mechanism [GO:0046933]', 'antiporter activity [GO:0015297]']"
O34344,"['hydrolase activity, hydrolyzing O-glycosyl compounds [GO:0004553]', 'heme binding [GO:0020037]', 'urease activity [GO:0009039]', 'oxidoreductase activity [GO:0016491]', 'electron transfer activity [GO:0009055]', 'transferase activity [GO:0016740]', 'metal ion binding [GO:0046872]', 'nucleic acid binding [GO:0003676]', 'ligase activity [GO:0016874]', 'DNA-directed RNA polymerase activity [GO:0003899]']"
O34398,"['hydrolase activity [GO:0016787]', 'methyltransferase activity [GO:0008168]', 'metal ion binding [GO:0046872]', 'peptidase activity [GO:0008233]', 'ATP binding [GO:0005524]', 'hexosyltransferase activity [GO:0016758]', 'acyltransferase activity, transferring groups other than amino-acyl groups [GO:0016747]', 'kinase activity [GO:0016301]', 'nucleic acid binding [GO:0003676]', 'catalytic activity [GO:0003824]']"
O34481,"[""3'-5' exonuclease activity [GO:0008408]"", 'ATP binding [GO:0005524]', 'DNA-directed DNA polymerase activity [GO:0003887]', 'metalloendopeptidase activity [GO:0004222]', 'GTP binding [GO:0005525]', 'identical protein binding [GO:0042802]', 'nucleic acid binding [GO:0003676]', 'helicase activity [GO:0004386]', 'RNA binding [GO:0003723]', 'single-stranded DNA binding [GO:0003697]']"
O34507,"['DNA binding [GO:0003677]', 'serine-type endopeptidase activity [GO:0004252]', 'identical protein binding [GO:0042802]', 'DNA-directed RNA polymerase activity [GO:0003899]', 'nucleic acid binding [GO:0003676]', 'DNA-binding transcription factor activity [GO:0003700]', 'protein serine/threonine kinase activity [GO:0004674]', 'transferase activity [GO:0016740]', 'metalloendopeptidase activity [GO:0004222]', 'kinase activity [GO:0016301]']"
O34680,"['nucleic acid binding [GO:0003676]', 'endonuclease activity [GO:0004519]', 'zinc ion binding [GO:0008270]', 'transferase activity [GO:0016740]', 'metal ion binding [GO:0046872]', 'catalytic activity [GO:0003824]', '4 iron, 4 sulfur cluster binding [GO:0051539]', 'hydrolase activity [GO:0016787]', 'iron ion binding [GO:0005506]', 'iron-sulfur cluster binding [GO:0051536]']"
O34790,"['magnesium ion binding [GO:0000287]', 'metal ion binding [GO:0046872]', 'lyase activity [GO:0016829]', 'glutaminase activity [GO:0004359]', 'oxidoreductase activity [GO:0016491]', 'isomerase activity [GO:0016853]', 'zinc ion binding [GO:0008270]', 'NAD binding [GO:0051287]', 'acyltransferase activity [GO:0016746]', 'FMN binding [GO:0010181]']"
O34928,"['hydrolase activity, acting on carbon-nitrogen (but not peptide) bonds [GO:0016810]', 'hydrolase activity [GO:0016787]', 'peptidase activity [GO:0008233]', 'glycosyltransferase activity [GO:0016757]', 'cysteine-type peptidase activity [GO:0008234]', 'hydrolase activity, hydrolyzing O-glycosyl compounds [GO:0004553]', 'serine-type endopeptidase activity [GO:0004252]', 'metal ion binding [GO:0046872]', 'metalloendopeptidase activity [GO:0004222]', 'phosphatase activity [GO:0016791]']"
O34939,"['nucleic acid binding [GO:0003676]', 'endonuclease activity [GO:0004519]', 'catalytic activity [GO:0003824]', 'metal ion binding [GO:0046872]', 'zinc ion binding [GO:0008270]', 'transferase activity [GO:0016740]', 'iron-sulfur cluster binding [GO:0051536]', 'iron ion binding [GO:0005506]', 'hydrolase activity [GO:0016787]', '4 iron, 4 sulfur cluster binding [GO:0051539]']"
O35002,"['hydrolase activity, acting on carbon-nitrogen (but not peptide) bonds [GO:0016810]', 'peptidase activity [GO:0008233]', 'metalloendopeptidase activity [GO:0004222]', 'serine-type peptidase activity [GO:0008236]', 'cysteine-type peptidase activity [GO:0008234]', 'serine-type endopeptidase activity [GO:0004252]', 'hydrolase activity [GO:0016787]', 'endopeptidase activity [GO:0004175]', 'oxidoreductase activity [GO:0016491]', 'transmembrane transporter activity [GO:0022857]']"
P04189,"['ligase activity [GO:0016874]', 'serine-type endopeptidase activity [GO:0004252]', 'cysteine-type peptidase activity [GO:0008234]', 'transmembrane transporter activity [GO:0022857]', 'oxidoreductase activity [GO:0016491]', 'serine-type peptidase activity [GO:0008236]', 'peptidase activity [GO:0008233]', 'N-acetylmuramoyl-L-alanine amidase activity [GO:0008745]', 'hydrolase activity, acting on carbon-nitrogen (but not peptide) bonds [GO:0016810]', 'hydrolase activity [GO:0016787]']"
P05648,"['DNA binding [GO:0003677]', 'transcription cis-regulatory region binding [GO:0000976]', 'identical protein binding [GO:0042802]', 'DNA-binding transcription factor activity [GO:0003700]', 'RNA binding [GO:0003723]', 'cis-regulatory region sequence-specific DNA binding [GO:0000987]', 'DNA-directed RNA polymerase activity [GO:0003899]', 'phosphoprotein phosphatase activity [GO:0004721]', 'ATP binding [GO:0005524]', 'phosphorelay response regulator activity [GO:0000156]']"
P05655,"['hydrolase activity, hydrolyzing O-glycosyl compounds [GO:0004553]', 'hydrolase activity [GO:0016787]', 'transferase activity [GO:0016740]', 'metal ion binding [GO:0046872]', 'oxidoreductase activity [GO:0016491]', 'cysteine-type peptidase activity [GO:0008234]', 'peptidase activity [GO:0008233]', 'glycosyltransferase activity [GO:0016757]', 'metalloendopeptidase activity [GO:0004222]', 'serine-type endopeptidase activity [GO:0004252]']"
P07860,"['DNA binding [GO:0003677]', 'sigma factor activity [GO:0016987]', 'transcription cis-regulatory region binding [GO:0000976]', 'DNA-binding transcription factor activity [GO:0003700]', 'DNA-directed RNA polymerase activity [GO:0003899]', 'cis-regulatory region sequence-specific DNA binding [GO:0000987]', 'phosphorelay response regulator activity [GO:0000156]', 'identical protein binding [GO:0042802]', 'sequence-specific DNA binding [GO:0043565]', 'phosphorelay sensor kinase activity [GO:0000155]']"
P07908,"['protein dimerization activity [GO:0046983]', 'phosphorelay sensor kinase activity [GO:0000155]', 'DNA binding [GO:0003677]', ""3'-5' exonuclease activity [GO:0008408]"", 'sigma factor activity [GO:0016987]', 'DNA-binding transcription factor activity [GO:0003700]', 'double-stranded DNA binding [GO:0003690]', 'DNA-directed DNA polymerase activity [GO:0003887]', 'identical protein binding [GO:0042802]', 'phosphoprotein phosphatase activity [GO:0004721]']"
P17865,"['GTPase activity [GO:0003924]', 'identical protein binding [GO:0042802]', 'GTP binding [GO:0005525]', 'ATP binding [GO:0005524]', 'kinase activity [GO:0016301]', 'nuclease activity [GO:0004518]', 'DNA binding [GO:0003677]', 'magnesium ion binding [GO:0000287]', 'RNA binding [GO:0003723]', 'transferase activity [GO:0016740]']"
P17896,"['hydrolase activity, acting on carbon-nitrogen (but not peptide) bonds [GO:0016810]', 'serine-type endopeptidase activity [GO:0004252]', 'peptidase activity [GO:0008233]', 'cysteine-type peptidase activity [GO:0008234]', 'hydrolase activity [GO:0016787]', 'metalloendopeptidase activity [GO:0004222]', 'endopeptidase activity [GO:0004175]', 'penicillin binding [GO:0008658]', 'metal ion binding [GO:0046872]', 'hydrolase activity, hydrolyzing O-glycosyl compounds [GO:0004553]']"
P21458,"['identical protein binding [GO:0042802]', 'DNA binding [GO:0003677]', 'DNA-directed RNA polymerase activity [GO:0003899]', 'kinase activity [GO:0016301]', 'RNA binding [GO:0003723]', 'nucleic acid binding [GO:0003676]', 'metallopeptidase activity [GO:0008237]', 'ATP binding [GO:0005524]', 'serine-type endopeptidase activity [GO:0004252]', 'transferase activity [GO:0016740]']"
P24141,"['oxidoreductase activity [GO:0016491]', 'electron transfer activity [GO:0009055]', 'metal ion binding [GO:0046872]', 'transferase activity [GO:0016740]', 'heme binding [GO:0020037]', 'transmembrane transporter activity [GO:0022857]', 'iron ion binding [GO:0005506]', 'serine-type endopeptidase activity [GO:0004252]', 'serine-type D-Ala-D-Ala carboxypeptidase activity [GO:0009002]', 'metalloendopeptidase activity [GO:0004222]']"
P28366,"['iron ion binding [GO:0005506]', 'nickel cation binding [GO:0016151]', 'heme binding [GO:0020037]', 'zinc ion binding [GO:0008270]', 'transferase activity [GO:0016740]', 'urease activity [GO:0009039]', 'double-stranded DNA binding [GO:0003690]', 'electron transfer activity [GO:0009055]', 'rRNA binding [GO:0019843]', 'structural constituent of ribosome [GO:0003735]']"
P35149,"['protein serine/threonine kinase activity [GO:0004674]', 'ATP binding [GO:0005524]', 'zinc ion binding [GO:0008270]', 'nickel cation binding [GO:0016151]', 'metal ion binding [GO:0046872]', 'GTP binding [GO:0005525]', 'magnesium ion binding [GO:0000287]', 'hydrolase activity [GO:0016787]', 'identical protein binding [GO:0042802]', 'lyase activity [GO:0016829]']"
P37455,"['identical protein binding [GO:0042802]', 'nucleic acid binding [GO:0003676]', 'single-stranded DNA binding [GO:0003697]', 'double-stranded DNA binding [GO:0003690]', 'unfolded protein binding [GO:0051082]', 'ribosome binding [GO:0043022]', 'RNA binding [GO:0003723]', 'DNA binding [GO:0003677]', 'helicase activity [GO:0004386]', 'zinc ion binding [GO:0008270]']"
P37476,"['proton-transporting ATP synthase activity, rotational mechanism [GO:0046933]', 'DNA-directed RNA polymerase activity [GO:0003899]', 'identical protein binding [GO:0042802]', 'nuclease activity [GO:0004518]', 'DNA binding [GO:0003677]', 'structural constituent of ribosome [GO:0003735]', 'nucleic acid binding [GO:0003676]', 'copper ion binding [GO:0005507]', 'RNA binding [GO:0003723]', 'rRNA binding [GO:0019843]']"
P37484,"['DNA binding [GO:0003677]', 'monoatomic cation transmembrane transporter activity [GO:0008324]', 'transcription cis-regulatory region binding [GO:0000976]', 'phosphoprotein phosphatase activity [GO:0004721]', 'phosphorelay sensor kinase activity [GO:0000155]', 'DNA-binding transcription factor activity [GO:0003700]', 'DNA-directed RNA polymerase activity [GO:0003899]', 'identical protein binding [GO:0042802]', 'RNA binding [GO:0003723]', 'protein serine/threonine kinase activity [GO:0004674]']"
P37534,"['DNA binding [GO:0003677]', 'DNA-binding transcription factor activity [GO:0003700]', 'sequence-specific DNA binding [GO:0043565]', 'phosphoprotein phosphatase activity [GO:0004721]', 'kinase activity [GO:0016301]', 'phosphorelay sensor kinase activity [GO:0000155]', 'protein serine/threonine kinase activity [GO:0004674]', 'protein dimerization activity [GO:0046983]', 'cis-regulatory region sequence-specific DNA binding [GO:0000987]', 'nickel cation binding [GO:0016151]']"
P37542,"['DNA binding [GO:0003677]', 'phosphorelay sensor kinase activity [GO:0000155]', 'phosphoprotein phosphatase activity [GO:0004721]', 'protein dimerization activity [GO:0046983]', 'DNA-binding transcription factor activity [GO:0003700]', 'identical protein binding [GO:0042802]', 'double-stranded DNA binding [GO:0003690]', 'sigma factor activity [GO:0016987]', 'protein serine/threonine kinase activity [GO:0004674]', 'DNA-directed RNA polymerase activity [GO:0003899]']"
P37573,"['DNA binding [GO:0003677]', 'phosphoprotein phosphatase activity [GO:0004721]', 'protein serine/threonine kinase activity [GO:0004674]', 'DNA-directed RNA polymerase activity [GO:0003899]', 'protein dimerization activity [GO:0046983]', 'monoatomic cation transmembrane transporter activity [GO:0008324]', 'mRNA binding [GO:0003729]', 'phosphorelay sensor kinase activity [GO:0000155]', 'RNA binding [GO:0003723]', 'nuclease activity [GO:0004518]']"
P37963,"['protein dimerization activity [GO:0046983]', 'peptidase activity [GO:0008233]', 'phosphorelay sensor kinase activity [GO:0000155]', 'double-stranded DNA binding [GO:0003690]', 'metalloendopeptidase activity [GO:0004222]', ""3'-5' exonuclease activity [GO:0008408]"", 'DNA-directed DNA polymerase activity [GO:0003887]', 'hydrolase activity [GO:0016787]', 'GTP binding [GO:0005525]', 'identical protein binding [GO:0042802]']"
P39145,"['hydrolase activity [GO:0016787]', 'ATP binding [GO:0005524]', 'methyltransferase activity [GO:0008168]', 'metal ion binding [GO:0046872]', 'nucleic acid binding [GO:0003676]', 'peptidase activity [GO:0008233]', 'hexosyltransferase activity [GO:0016758]', 'magnesium ion binding [GO:0000287]', ""3'-5' exonuclease activity [GO:0008408]"", 'acyltransferase activity, transferring groups other than amino-acyl groups [GO:0016747]']"
P39764,"['phosphorelay sensor kinase activity [GO:0000155]', 'DNA binding [GO:0003677]', 'DNA-binding transcription factor activity [GO:0003700]', 'phosphoprotein phosphatase activity [GO:0004721]', 'protein dimerization activity [GO:0046983]', 'sequence-specific DNA binding [GO:0043565]', 'transcription cis-regulatory region binding [GO:0000976]', 'phosphorelay response regulator activity [GO:0000156]', 'cis-regulatory region sequence-specific DNA binding [GO:0000987]', 'N-acetyltransferase activity [GO:0008080]']"
P53555,"['oxidoreductase activity [GO:0016491]', 'metal ion binding [GO:0046872]', 'isomerase activity [GO:0016853]', 'NAD binding [GO:0051287]', 'pyridoxal phosphate binding [GO:0030170]', 'NADP binding [GO:0050661]', 'transferase activity [GO:0016740]', 'magnesium ion binding [GO:0000287]', 'catalytic activity [GO:0003824]', 'nucleotide binding [GO:0000166]']"
P54159,"['phosphorelay sensor kinase activity [GO:0000155]', 'protein dimerization activity [GO:0046983]', 'hydrolase activity [GO:0016787]', 'kinase activity [GO:0016301]', 'methyltransferase activity [GO:0008168]', 'ATP binding [GO:0005524]', 'peptidase activity [GO:0008233]', 'metal ion binding [GO:0046872]', 'aminopeptidase activity [GO:0004177]', 'DNA binding [GO:0003677]']"
P94461,"['identical protein binding [GO:0042802]', 'ATP binding [GO:0005524]', 'RNA binding [GO:0003723]', 'GTP binding [GO:0005525]', 'single-stranded DNA binding [GO:0003697]', 'DNA binding [GO:0003677]', ""3'-5' exonuclease activity [GO:0008408]"", 'GTPase activity [GO:0003924]', 'zinc ion binding [GO:0008270]', 'metal ion binding [GO:0046872]']"
Q01465,"['identical protein binding [GO:0042802]', 'DNA binding [GO:0003677]', 'ATP binding [GO:0005524]', 'RNA binding [GO:0003723]', 'nuclease activity [GO:0004518]', 'protein dimerization activity [GO:0046983]', 'protein serine/threonine kinase activity [GO:0004674]', 'monoatomic cation transmembrane transporter activity [GO:0008324]', 'kinase activity [GO:0016301]', 'phosphoprotein phosphatase activity [GO:0004721]']"
Q01466,"['serine-type endopeptidase activity [GO:0004252]', 'hydrolase activity, hydrolyzing O-glycosyl compounds [GO:0004553]', 'metalloendopeptidase activity [GO:0004222]', 'cysteine-type peptidase activity [GO:0008234]', 'DNA binding [GO:0003677]', 'proton-transporting ATP synthase activity, rotational mechanism [GO:0046933]', 'transferase activity [GO:0016740]', 'identical protein binding [GO:0042802]', 'endopeptidase activity [GO:0004175]', 'DNA-directed RNA polymerase activity [GO:0003899]']"
Q02169,"['metal ion binding [GO:0046872]', 'magnesium ion binding [GO:0000287]', 'ATP binding [GO:0005524]', 'nucleotide binding [GO:0000166]', 'kinase activity [GO:0016301]', 'catalytic activity [GO:0003824]', 'hydrolase activity [GO:0016787]', 'transferase activity [GO:0016740]', 'aminopeptidase activity [GO:0004177]', 'acyltransferase activity [GO:0016746]']"
Q45493,"['GTP binding [GO:0005525]', 'ATP binding [GO:0005524]', 'identical protein binding [GO:0042802]', 'magnesium ion binding [GO:0000287]', 'RNA binding [GO:0003723]', 'metal ion binding [GO:0046872]', 'GTPase activity [GO:0003924]', 'zinc ion binding [GO:0008270]', 'nucleotide binding [GO:0000166]', 'hydrolase activity [GO:0016787]']"
C0SP86,"['DNA binding [GO:0003677]', 'DNA-directed RNA polymerase activity [GO:0003899]', 'identical protein binding [GO:0042802]', 'copper ion binding [GO:0005507]', 'urease activity [GO:0009039]', 'transferase activity [GO:0016740]', 'heme binding [GO:0020037]', 'ATP binding [GO:0005524]', 'kinase activity [GO:0016301]', 'hydrolase activity [GO:0016787]']"
O31423,"['transferase activity [GO:0016740]', 'catalytic activity [GO:0003824]', 'iron-sulfur cluster binding [GO:0051536]', 'glycosyltransferase activity [GO:0016757]', 'metal ion binding [GO:0046872]', 'hydrolase activity [GO:0016787]', 'N-acetyltransferase activity [GO:0008080]', 'monooxygenase activity [GO:0004497]', 'kinase activity [GO:0016301]', 'acyltransferase activity [GO:0016746]']"
O31427,"['ATP hydrolysis activity [GO:0016887]', 'ATPase-coupled transmembrane transporter activity [GO:0042626]', 'ATP binding [GO:0005524]', 'hydrolase activity [GO:0016787]', 'ABC-type transporter activity [GO:0140359]', 'glycosyltransferase activity [GO:0016757]', 'transferase activity [GO:0016740]', 'methyltransferase activity [GO:0008168]', 'metal ion binding [GO:0046872]', 'transmembrane transporter activity [GO:0022857]']"
O31754,"['metallopeptidase activity [GO:0008237]', 'proton-transporting ATP synthase activity, rotational mechanism [GO:0046933]', 'transmembrane transporter activity [GO:0022857]', 'serine-type endopeptidase activity [GO:0004252]', 'endopeptidase activity [GO:0004175]', 'electron transfer activity [GO:0009055]', 'symporter activity [GO:0015293]', 'metalloendopeptidase activity [GO:0004222]', 'metal ion binding [GO:0046872]', 'antiporter activity [GO:0015297]']"
O32047,"['proton-transporting ATP synthase activity, rotational mechanism [GO:0046933]', 'transmembrane transporter activity [GO:0022857]', 'antiporter activity [GO:0015297]', 'symporter activity [GO:0015293]', 'ligase activity [GO:0016874]', 'monoatomic cation transmembrane transporter activity [GO:0008324]', 'electron transfer activity [GO:0009055]', 'heme binding [GO:0020037]', 'metal ion binding [GO:0046872]', 'structural constituent of ribosome [GO:0003735]']"
O34800,"['urease activity [GO:0009039]', 'DNA-directed RNA polymerase activity [GO:0003899]', 'rRNA binding [GO:0019843]', 'structural constituent of ribosome [GO:0003735]', 'heme binding [GO:0020037]', 'tRNA binding [GO:0000049]', 'mRNA binding [GO:0003729]', 'nucleic acid binding [GO:0003676]', 'transferase activity [GO:0016740]', 'RNA binding [GO:0003723]']"
O34814,"['ATP hydrolysis activity [GO:0016887]', 'ATPase-coupled transmembrane transporter activity [GO:0042626]', 'ATP binding [GO:0005524]', 'transmembrane transporter activity [GO:0022857]', 'identical protein binding [GO:0042802]', 'DNA binding [GO:0003677]', 'ABC-type transporter activity [GO:0140359]', 'phosphorelay response regulator activity [GO:0000156]', 'GTP binding [GO:0005525]', 'transferase activity [GO:0016740]']"
O34859,"['double-stranded DNA binding [GO:0003690]', 'structural constituent of ribosome [GO:0003735]', 'RNA binding [GO:0003723]', 'rRNA binding [GO:0019843]', 'mRNA binding [GO:0003729]', 'transferase activity [GO:0016740]', 'copper ion binding [GO:0005507]', 'ribosome binding [GO:0043022]', 'DNA binding [GO:0003677]', 'tRNA binding [GO:0000049]']"
O34885,"['nucleic acid binding [GO:0003676]', 'endonuclease activity [GO:0004519]', 'DNA-directed RNA polymerase activity [GO:0003899]', 'DNA binding [GO:0003677]', 'zinc ion binding [GO:0008270]', 'identical protein binding [GO:0042802]', 'kinase activity [GO:0016301]', 'transferase activity [GO:0016740]', 'metallopeptidase activity [GO:0008237]', 'metal ion binding [GO:0046872]']"
P08065,"['metal ion binding [GO:0046872]', 'magnesium ion binding [GO:0000287]', 'zinc ion binding [GO:0008270]', '4 iron, 4 sulfur cluster binding [GO:0051539]', 'NAD binding [GO:0051287]', 'nucleotide binding [GO:0000166]', 'NADP binding [GO:0050661]', 'oxidoreductase activity [GO:0016491]', 'manganese ion binding [GO:0030145]', 'glutaminase activity [GO:0004359]']"
P08066,"['2 iron, 2 sulfur cluster binding [GO:0051537]', '4 iron, 4 sulfur cluster binding [GO:0051539]', 'metal ion binding [GO:0046872]', 'electron transfer activity [GO:0009055]', 'zinc ion binding [GO:0008270]', 'iron ion binding [GO:0005506]', 'oxidoreductase activity [GO:0016491]', 'transferase activity [GO:0016740]', 'tRNA binding [GO:0000049]', 'glutaminase activity [GO:0004359]']"
P11065,"['DNA binding [GO:0003677]', 'DNA-binding transcription factor activity [GO:0003700]', 'sequence-specific DNA binding [GO:0043565]', 'phosphorelay sensor kinase activity [GO:0000155]', 'phosphoprotein phosphatase activity [GO:0004721]', 'DNA-directed RNA polymerase activity [GO:0003899]', 'transcription cis-regulatory region binding [GO:0000976]', 'N-acetyltransferase activity [GO:0008080]', 'cis-regulatory region sequence-specific DNA binding [GO:0000987]', 'heme binding [GO:0020037]']"
P14016,"['zinc ion binding [GO:0008270]', 'nucleic acid binding [GO:0003676]', 'metal ion binding [GO:0046872]', 'DNA-directed RNA polymerase activity [GO:0003899]', 'rRNA binding [GO:0019843]', 'nuclease activity [GO:0004518]', 'identical protein binding [GO:0042802]', 'tRNA binding [GO:0000049]', 'metallopeptidase activity [GO:0008237]', 'mRNA binding [GO:0003729]']"
P23545,"['phosphorelay sensor kinase activity [GO:0000155]', 'protein dimerization activity [GO:0046983]', 'DNA binding [GO:0003677]', 'DNA-binding transcription factor activity [GO:0003700]', 'ABC-type transporter activity [GO:0140359]', 'phosphorelay response regulator activity [GO:0000156]', 'phosphoprotein phosphatase activity [GO:0004721]', 'sequence-specific DNA binding [GO:0043565]', 'transcription cis-regulatory region binding [GO:0000976]', 'ATP binding [GO:0005524]']"
P27620,"['glycosyltransferase activity [GO:0016757]', 'nucleic acid binding [GO:0003676]', 'kinase activity [GO:0016301]', 'transferase activity [GO:0016740]', 'hydrolase activity [GO:0016787]', 'methyltransferase activity [GO:0008168]', 'metal ion binding [GO:0046872]', 'endonuclease activity [GO:0004519]', 'ATP binding [GO:0005524]', 'catalytic activity [GO:0003824]']"
P35164,"['phosphorelay sensor kinase activity [GO:0000155]', 'DNA binding [GO:0003677]', 'DNA-binding transcription factor activity [GO:0003700]', 'transcription cis-regulatory region binding [GO:0000976]', 'sequence-specific DNA binding [GO:0043565]', 'phosphorelay response regulator activity [GO:0000156]', 'protein dimerization activity [GO:0046983]', 'phosphoprotein phosphatase activity [GO:0004721]', 'cis-regulatory region sequence-specific DNA binding [GO:0000987]', 'ABC-type transporter activity [GO:0140359]']"
P37475,"['phosphorelay sensor kinase activity [GO:0000155]', 'protein dimerization activity [GO:0046983]', 'DNA-directed DNA polymerase activity [GO:0003887]', 'peptidase activity [GO:0008233]', 'ABC-type transporter activity [GO:0140359]', 'metallopeptidase activity [GO:0008237]', ""3'-5' exonuclease activity [GO:0008408]"", 'metalloendopeptidase activity [GO:0004222]', 'hydrolase activity [GO:0016787]', 'DNA-binding transcription factor activity [GO:0003700]']"
P37553,"['hydrolase activity [GO:0016787]', 'protein dimerization activity [GO:0046983]', 'metal ion binding [GO:0046872]', 'nickel cation binding [GO:0016151]', 'urease activity [GO:0009039]', 'phosphorelay sensor kinase activity [GO:0000155]', 'kinase activity [GO:0016301]', 'transferase activity [GO:0016740]', 'peptidase activity [GO:0008233]', 'DNA binding [GO:0003677]']"
P37572,"['ATP binding [GO:0005524]', 'RNA binding [GO:0003723]', 'GTP binding [GO:0005525]', 'identical protein binding [GO:0042802]', 'single-stranded DNA binding [GO:0003697]', 'GTPase activity [GO:0003924]', 'ribosome binding [GO:0043022]', 'zinc ion binding [GO:0008270]', 'damaged DNA binding [GO:0003684]', 'DNA binding [GO:0003677]']"
P39604,"['transmembrane transporter activity [GO:0022857]', 'antiporter activity [GO:0015297]', 'metallopeptidase activity [GO:0008237]', 'ABC-type transporter activity [GO:0140359]', 'ligase activity [GO:0016874]', 'proton-transporting ATP synthase activity, rotational mechanism [GO:0046933]', 'metal ion binding [GO:0046872]', 'symporter activity [GO:0015293]', 'heme binding [GO:0020037]', 'serine-type endopeptidase activity [GO:0004252]']"
P50850,"['hydrolase activity, acting on carbon-nitrogen (but not peptide) bonds [GO:0016810]', 'peptidase activity [GO:0008233]', 'hydrolase activity [GO:0016787]', 'cysteine-type peptidase activity [GO:0008234]', 'metalloendopeptidase activity [GO:0004222]', 'penicillin binding [GO:0008658]', 'hydrolase activity, hydrolyzing O-glycosyl compounds [GO:0004553]', 'metal ion binding [GO:0046872]', 'serine-type endopeptidase activity [GO:0004252]', 'endopeptidase activity [GO:0004175]']"
P50864,"['N-acetylmuramoyl-L-alanine amidase activity [GO:0008745]', 'hydrolase activity [GO:0016787]', 'serine-type endopeptidase activity [GO:0004252]', 'cysteine-type peptidase activity [GO:0008234]', 'peptidase activity [GO:0008233]', 'metal ion binding [GO:0046872]', 'metalloendopeptidase activity [GO:0004222]', 'hydrolase activity, acting on carbon-nitrogen (but not peptide) bonds [GO:0016810]', 'glycosyltransferase activity [GO:0016757]', 'endopeptidase activity [GO:0004175]']"
P54544,"['proton-transporting ATP synthase activity, rotational mechanism [GO:0046933]', 'electron transfer activity [GO:0009055]', 'heme binding [GO:0020037]', 'metallopeptidase activity [GO:0008237]', 'transmembrane transporter activity [GO:0022857]', 'symporter activity [GO:0015293]', 'oxidoreductase activity [GO:0016491]', 'metal ion binding [GO:0046872]', 'copper ion binding [GO:0005507]', 'identical protein binding [GO:0042802]']"
Q01625,"['proton-transporting ATP synthase activity, rotational mechanism [GO:0046933]', 'transmembrane transporter activity [GO:0022857]', 'electron transfer activity [GO:0009055]', 'metallopeptidase activity [GO:0008237]', 'endopeptidase activity [GO:0004175]', 'heme binding [GO:0020037]', 'metalloendopeptidase activity [GO:0004222]', 'metal ion binding [GO:0046872]', 'ABC-type transporter activity [GO:0140359]', 'oxidoreductase activity [GO:0016491]']"
Q02114,"['N-acetylmuramoyl-L-alanine amidase activity [GO:0008745]', 'ligase activity [GO:0016874]', 'serine-type endopeptidase activity [GO:0004252]', 'cysteine-type peptidase activity [GO:0008234]', 'hydrolase activity, hydrolyzing O-glycosyl compounds [GO:0004553]', 'oxidoreductase activity [GO:0016491]', 'transferase activity [GO:0016740]', 'metal ion binding [GO:0046872]', 'hydrolase activity [GO:0016787]', 'hydrolase activity, acting on carbon-nitrogen (but not peptide) bonds [GO:0016810]']"
Q05865,"['metal ion binding [GO:0046872]', 'methyltransferase activity [GO:0008168]', 'kinase activity [GO:0016301]', 'magnesium ion binding [GO:0000287]', 'ATP binding [GO:0005524]', 'FAD binding [GO:0071949]', 'hydrolase activity [GO:0016787]', 'phosphatase activity [GO:0016791]', 'hexosyltransferase activity [GO:0016758]', 'catalytic activity [GO:0003824]']"
Q05873,"['electron transfer activity [GO:0009055]', 'tRNA binding [GO:0000049]', 'iron ion binding [GO:0005506]', 'zinc ion binding [GO:0008270]', 'metal ion binding [GO:0046872]', '4 iron, 4 sulfur cluster binding [GO:0051539]', 'nucleotide binding [GO:0000166]', 'magnesium ion binding [GO:0000287]', 'transferase activity [GO:0016740]', 'oxidoreductase activity [GO:0016491]']"
A3F2V6,"['nucleic acid binding [GO:0003676]', 'acyltransferase activity, transferring groups other than amino-acyl groups [GO:0016747]', 'nickel cation binding [GO:0016151]', 'hydrolase activity [GO:0016787]', 'endonuclease activity [GO:0004519]', 'kinase activity [GO:0016301]', 'transferase activity [GO:0016740]', 'metal ion binding [GO:0046872]', 'zinc ion binding [GO:0008270]', 'catalytic activity [GO:0003824]']"
A3F346,"['magnesium ion binding [GO:0000287]', 'metal ion binding [GO:0046872]', 'nucleotide binding [GO:0000166]', 'oxidoreductase activity [GO:0016491]', 'isomerase activity [GO:0016853]', 'transferase activity [GO:0016740]', 'lyase activity [GO:0016829]', 'iron ion binding [GO:0005506]', 'acyltransferase activity [GO:0016746]', '4 iron, 4 sulfur cluster binding [GO:0051539]']"
A3F364,"['NAD binding [GO:0051287]', 'NADP binding [GO:0050661]', 'nucleotide binding [GO:0000166]', 'oxidoreductase activity [GO:0016491]', 'magnesium ion binding [GO:0000287]', 'metal ion binding [GO:0046872]', 'transferase activity [GO:0016740]', 'oxidoreductase activity, acting on the CH-OH group of donors, NAD or NADP as acceptor [GO:0016616]', 'iron ion binding [GO:0005506]', 'isomerase activity [GO:0016853]']"
A3F3G8,"['oxidoreductase activity [GO:0016491]', 'metal ion binding [GO:0046872]', 'magnesium ion binding [GO:0000287]', 'FAD binding [GO:0071949]', 'aminopeptidase activity [GO:0004177]', 'flavin adenine dinucleotide binding [GO:0050660]', 'isomerase activity [GO:0016853]', 'nucleotide binding [GO:0000166]', 'acyltransferase activity [GO:0016746]', 'NADP binding [GO:0050661]']"
A3F3H1,"['metal ion binding [GO:0046872]', 'FAD binding [GO:0071949]', 'hydrolase activity [GO:0016787]', 'ATP binding [GO:0005524]', 'nucleotide binding [GO:0000166]', 'aminopeptidase activity [GO:0004177]', 'magnesium ion binding [GO:0000287]', 'methyltransferase activity [GO:0008168]', 'pyridoxal phosphate binding [GO:0030170]', 'kinase activity [GO:0016301]']"
A3F3H2,"['tRNA binding [GO:0000049]', 'FMN binding [GO:0010181]', 'magnesium ion binding [GO:0000287]', '4 iron, 4 sulfur cluster binding [GO:0051539]', 'zinc ion binding [GO:0008270]', 'metal ion binding [GO:0046872]', 'acyltransferase activity [GO:0016746]', 'nucleotide binding [GO:0000166]', 'transferase activity [GO:0016740]', 'ATP binding [GO:0005524]']"
A3F3H4,"['transferase activity [GO:0016740]', 'tRNA binding [GO:0000049]', 'kinase activity [GO:0016301]', 'rRNA binding [GO:0019843]', 'structural constituent of ribosome [GO:0003735]', 'RNA binding [GO:0003723]', 'mRNA binding [GO:0003729]', 'nucleotide binding [GO:0000166]', 'zinc ion binding [GO:0008270]', 'metal ion binding [GO:0046872]']"
A3F3H9,"['zinc ion binding [GO:0008270]', 'tRNA binding [GO:0000049]', 'magnesium ion binding [GO:0000287]', 'metal ion binding [GO:0046872]', 'rRNA binding [GO:0019843]', 'GTP binding [GO:0005525]', 'nucleotide binding [GO:0000166]', 'identical protein binding [GO:0042802]', 'RNA binding [GO:0003723]', 'iron ion binding [GO:0005506]']"
C0SPA7,"['ATP binding [GO:0005524]', 'phosphorelay sensor kinase activity [GO:0000155]', 'DNA-directed DNA polymerase activity [GO:0003887]', ""3'-5' exonuclease activity [GO:0008408]"", 'ABC-type transporter activity [GO:0140359]', 'metallopeptidase activity [GO:0008237]', 'hydrolase activity [GO:0016787]', 'peptidase activity [GO:0008233]', 'DNA binding [GO:0003677]', 'methyltransferase activity [GO:0008168]']"
O05392,"[""3'-5' exonuclease activity [GO:0008408]"", 'DNA-directed DNA polymerase activity [GO:0003887]', 'DNA binding [GO:0003677]', 'RNA binding [GO:0003723]', 'ATP binding [GO:0005524]', 'identical protein binding [GO:0042802]', 'GTP binding [GO:0005525]', 'kinase activity [GO:0016301]', 'single-stranded DNA binding [GO:0003697]', 'methyltransferase activity [GO:0008168]']"
O07007,"['DNA-binding transcription factor activity [GO:0003700]', 'DNA binding [GO:0003677]', 'transcription cis-regulatory region binding [GO:0000976]', 'phosphorelay sensor kinase activity [GO:0000155]', 'sequence-specific DNA binding [GO:0043565]', 'cis-regulatory region sequence-specific DNA binding [GO:0000987]', 'protein dimerization activity [GO:0046983]', 'sigma factor activity [GO:0016987]', 'phosphorelay response regulator activity [GO:0000156]', 'phosphoprotein phosphatase activity [GO:0004721]']"
O31425,"['heme binding [GO:0020037]', 'metallopeptidase activity [GO:0008237]', 'ABC-type transporter activity [GO:0140359]', 'metal ion binding [GO:0046872]', 'peptidase activity [GO:0008233]', 'electron transfer activity [GO:0009055]', 'urease activity [GO:0009039]', 'hydrolase activity [GO:0016787]', 'endopeptidase activity [GO:0004175]', 'transmembrane transporter activity [GO:0022857]']"
O31463,"['methyltransferase activity [GO:0008168]', 'metal ion binding [GO:0046872]', 'zinc ion binding [GO:0008270]', 'magnesium ion binding [GO:0000287]', 'ATP binding [GO:0005524]', 'lyase activity [GO:0016829]', 'pyridoxal phosphate binding [GO:0030170]', 'acyltransferase activity, transferring groups other than amino-acyl groups [GO:0016747]', 'transaminase activity [GO:0008483]', 'catalytic activity [GO:0003824]']"
O31501,"['transmembrane transporter activity [GO:0022857]', 'metalloendopeptidase activity [GO:0004222]', 'serine-type endopeptidase activity [GO:0004252]', 'ligase activity [GO:0016874]', 'proton-transporting ATP synthase activity, rotational mechanism [GO:0046933]', 'oxidoreductase activity [GO:0016491]', 'endopeptidase activity [GO:0004175]', 'symporter activity [GO:0015293]', 'cysteine-type peptidase activity [GO:0008234]', 'electron transfer activity [GO:0009055]']"
O31504,"['zinc ion binding [GO:0008270]', 'endonuclease activity [GO:0004519]', 'nucleic acid binding [GO:0003676]', 'metal ion binding [GO:0046872]', 'transferase activity [GO:0016740]', 'acyltransferase activity, transferring groups other than amino-acyl groups [GO:0016747]', 'identical protein binding [GO:0042802]', 'N-acetyltransferase activity [GO:0008080]', 'RNA binding [GO:0003723]', 'iron ion binding [GO:0005506]']"
O32242,"['DNA-binding transcription factor activity [GO:0003700]', 'DNA binding [GO:0003677]', 'transcription cis-regulatory region binding [GO:0000976]', 'sequence-specific DNA binding [GO:0043565]', 'cis-regulatory region sequence-specific DNA binding [GO:0000987]', 'identical protein binding [GO:0042802]', 'protein serine/threonine kinase activity [GO:0004674]', 'sigma factor activity [GO:0016987]', 'phosphorelay sensor kinase activity [GO:0000155]', 'phosphorelay response regulator activity [GO:0000156]']"
O34303,"['nucleic acid binding [GO:0003676]', 'DNA binding [GO:0003677]', 'DNA-directed RNA polymerase activity [GO:0003899]', 'transferase activity [GO:0016740]', 'protein serine/threonine kinase activity [GO:0004674]', 'metallopeptidase activity [GO:0008237]', 'kinase activity [GO:0016301]', 'metal ion binding [GO:0046872]', 'acyltransferase activity, transferring groups other than amino-acyl groups [GO:0016747]', 'endonuclease activity [GO:0004519]']"
O34362,"['ATP binding [GO:0005524]', 'ATP hydrolysis activity [GO:0016887]', 'ATPase-coupled transmembrane transporter activity [GO:0042626]', 'metal ion binding [GO:0046872]', 'methyltransferase activity [GO:0008168]', 'hydrolase activity [GO:0016787]', 'catalytic activity [GO:0003824]', 'glycosyltransferase activity [GO:0016757]', 'hexosyltransferase activity [GO:0016758]', 'transferase activity [GO:0016740]']"
O34549,"['protein dimerization activity [GO:0046983]', 'phosphorelay sensor kinase activity [GO:0000155]', 'DNA binding [GO:0003677]', 'phosphoprotein phosphatase activity [GO:0004721]', 'DNA-binding transcription factor activity [GO:0003700]', 'sigma factor activity [GO:0016987]', 'transcription cis-regulatory region binding [GO:0000976]', 'double-stranded DNA binding [GO:0003690]', 'hydrolase activity [GO:0016787]', 'kinase activity [GO:0016301]']"
O34666,"['serine-type endopeptidase activity [GO:0004252]', 'metalloendopeptidase activity [GO:0004222]', 'cysteine-type peptidase activity [GO:0008234]', 'hydrolase activity, acting on carbon-nitrogen (but not peptide) bonds [GO:0016810]', 'transmembrane transporter activity [GO:0022857]', 'peptidase activity [GO:0008233]', 'serine-type peptidase activity [GO:0008236]', 'ligase activity [GO:0016874]', 'oxidoreductase activity [GO:0016491]', 'endopeptidase activity [GO:0004175]']"
O35025,"['urease activity [GO:0009039]', 'DNA-directed RNA polymerase activity [GO:0003899]', 'structural constituent of ribosome [GO:0003735]', 'heme binding [GO:0020037]', 'rRNA binding [GO:0019843]', 'nucleic acid binding [GO:0003676]', 'DNA binding [GO:0003677]', 'RNA binding [GO:0003723]', 'mRNA binding [GO:0003729]', 'tRNA binding [GO:0000049]']"
P08064,"['heme binding [GO:0020037]', 'electron transfer activity [GO:0009055]', 'metal ion binding [GO:0046872]', 'antiporter activity [GO:0015297]', 'transmembrane transporter activity [GO:0022857]', 'symporter activity [GO:0015293]', 'proton-transporting ATP synthase activity, rotational mechanism [GO:0046933]', 'metallopeptidase activity [GO:0008237]', 'oxidoreductase activity [GO:0016491]', 'monoatomic cation transmembrane transporter activity [GO:0008324]']"
P15378,"['methyltransferase activity [GO:0008168]', 'metal ion binding [GO:0046872]', 'ABC-type transporter activity [GO:0140359]', 'transmembrane transporter activity [GO:0022857]', 'metallopeptidase activity [GO:0008237]', 'endopeptidase activity [GO:0004175]', 'antiporter activity [GO:0015297]', 'acyltransferase activity, transferring groups other than amino-acyl groups [GO:0016747]', 'serine-type endopeptidase activity [GO:0004252]', 'ligase activity [GO:0016874]']"
P17894,"['DNA binding [GO:0003677]', 'ATP binding [GO:0005524]', 'single-stranded DNA binding [GO:0003697]', 'identical protein binding [GO:0042802]', 'RNA binding [GO:0003723]', 'transcription cis-regulatory region binding [GO:0000976]', 'GTP binding [GO:0005525]', 'protein dimerization activity [GO:0046983]', 'ATPase-coupled transmembrane transporter activity [GO:0042626]', 'ATP hydrolysis activity [GO:0016887]']"
P37575,"['heme binding [GO:0020037]', 'peptidase activity [GO:0008233]', 'hydrolase activity, hydrolyzing O-glycosyl compounds [GO:0004553]', 'oxidoreductase activity [GO:0016491]', 'metalloendopeptidase activity [GO:0004222]', 'electron transfer activity [GO:0009055]', 'double-stranded DNA binding [GO:0003690]', 'hydrolase activity [GO:0016787]', 'iron ion binding [GO:0005506]', 'metal ion binding [GO:0046872]']"
P45870,"['protein dimerization activity [GO:0046983]', 'double-stranded DNA binding [GO:0003690]', 'phosphorelay sensor kinase activity [GO:0000155]', 'DNA binding [GO:0003677]', 'DNA-binding transcription factor activity [GO:0003700]', 'peptidase activity [GO:0008233]', 'hydrolase activity [GO:0016787]', 'sigma factor activity [GO:0016987]', 'kinase activity [GO:0016301]', 'hydrolase activity, hydrolyzing O-glycosyl compounds [GO:0004553]']"
P51835,"['GTPase activity [GO:0003924]', 'GTP binding [GO:0005525]', 'identical protein binding [GO:0042802]', 'RNA binding [GO:0003723]', 'proton-transporting ATP synthase activity, rotational mechanism [GO:0046933]', 'ATP binding [GO:0005524]', 'ribosome binding [GO:0043022]', 'single-stranded DNA binding [GO:0003697]', 'nuclease activity [GO:0004518]', 'zinc ion binding [GO:0008270]']"
P54418,"['metal ion binding [GO:0046872]', 'nickel cation binding [GO:0016151]', 'zinc ion binding [GO:0008270]', 'magnesium ion binding [GO:0000287]', '4 iron, 4 sulfur cluster binding [GO:0051539]', 'glutaminase activity [GO:0004359]', 'hydrolase activity [GO:0016787]', 'isomerase activity [GO:0016853]', 'iron ion binding [GO:0005506]', 'oxidoreductase activity [GO:0016491]']"
P54419,"['nickel cation binding [GO:0016151]', 'iron ion binding [GO:0005506]', 'metal ion binding [GO:0046872]', 'urease activity [GO:0009039]', 'zinc ion binding [GO:0008270]', 'magnesium ion binding [GO:0000287]', '4 iron, 4 sulfur cluster binding [GO:0051539]', 'isomerase activity [GO:0016853]', 'electron transfer activity [GO:0009055]', 'transferase activity [GO:0016740]']"
P54420,"['oxidoreductase activity [GO:0016491]', 'metal ion binding [GO:0046872]', 'hydrolase activity [GO:0016787]', 'nucleotide binding [GO:0000166]', 'flavin adenine dinucleotide binding [GO:0050660]', 'phosphatase activity [GO:0016791]', 'magnesium ion binding [GO:0000287]', 'NADP binding [GO:0050661]', 'NAD binding [GO:0051287]', 'hexosyltransferase activity [GO:0016758]']"
P54425,"['transmembrane transporter activity [GO:0022857]', 'antiporter activity [GO:0015297]', 'symporter activity [GO:0015293]', 'endopeptidase activity [GO:0004175]', 'metal ion binding [GO:0046872]', 'metallopeptidase activity [GO:0008237]', 'monoatomic cation transmembrane transporter activity [GO:0008324]', 'ABC-type transporter activity [GO:0140359]', 'proton-transporting ATP synthase activity, rotational mechanism [GO:0046933]', 'oxidoreductase activity [GO:0016491]']"
P54427,"['penicillin binding [GO:0008658]', 'hydrolase activity [GO:0016787]', 'hydrolase activity, acting on carbon-nitrogen (but not peptide) bonds [GO:0016810]', 'metal ion binding [GO:0046872]', 'glycosyltransferase activity [GO:0016757]', 'cysteine-type peptidase activity [GO:0008234]', 'peptidase activity [GO:0008233]', 'transferase activity [GO:0016740]', 'metalloendopeptidase activity [GO:0004222]', 'serine-type endopeptidase activity [GO:0004252]']"
P96581,"['heme binding [GO:0020037]', 'antiporter activity [GO:0015297]', 'transmembrane transporter activity [GO:0022857]', 'ligase activity [GO:0016874]', 'metal ion binding [GO:0046872]', 'symporter activity [GO:0015293]', 'metallopeptidase activity [GO:0008237]', 'proton-transporting ATP synthase activity, rotational mechanism [GO:0046933]', 'ABC-type transporter activity [GO:0140359]', 'urease activity [GO:0009039]']"
Q45549,"['RNA binding [GO:0003723]', 'DNA binding [GO:0003677]', 'ribosome binding [GO:0043022]', 'rRNA binding [GO:0019843]', 'mRNA binding [GO:0003729]', 'structural constituent of ribosome [GO:0003735]', 'identical protein binding [GO:0042802]', 'DNA-directed RNA polymerase activity [GO:0003899]', 'double-stranded DNA binding [GO:0003690]', 'ATP binding [GO:0005524]']"
A3F326,"['DNA binding [GO:0003677]', 'transferase activity [GO:0016740]', 'kinase activity [GO:0016301]', 'identical protein binding [GO:0042802]', 'methyltransferase activity [GO:0008168]', 'ATP binding [GO:0005524]', 'metal ion binding [GO:0046872]', 'RNA binding [GO:0003723]', 'phosphoprotein phosphatase activity [GO:0004721]', 'DNA-binding transcription factor activity [GO:0003700]']"
A3F3A1,"['monooxygenase activity [GO:0004497]', '2 iron, 2 sulfur cluster binding [GO:0051537]', 'oxidoreductase activity, acting on paired donors, with incorporation or reduction of molecular oxygen [GO:0016705]', 'metal ion binding [GO:0046872]', 'iron ion binding [GO:0005506]', 'electron transfer activity [GO:0009055]', 'zinc ion binding [GO:0008270]', '4 iron, 4 sulfur cluster binding [GO:0051539]', 'copper ion binding [GO:0005507]', 'heme binding [GO:0020037]']"
A3F3G2,"['ATP binding [GO:0005524]', 'kinase activity [GO:0016301]', 'methyltransferase activity [GO:0008168]', 'carbohydrate derivative binding [GO:0097367]', 'metal ion binding [GO:0046872]', 'DNA-binding transcription factor activity [GO:0003700]', 'magnesium ion binding [GO:0000287]', 'hydrolase activity [GO:0016787]', 'acyltransferase activity [GO:0016746]', 'cis-regulatory region sequence-specific DNA binding [GO:0000987]']"
A3F3G3,"['pyridoxal phosphate binding [GO:0030170]', 'transaminase activity [GO:0008483]', 'metal ion binding [GO:0046872]', 'oxidoreductase activity [GO:0016491]', 'catalytic activity [GO:0003824]', 'nucleotide binding [GO:0000166]', 'manganese ion binding [GO:0030145]', 'magnesium ion binding [GO:0000287]', 'flavin adenine dinucleotide binding [GO:0050660]', 'FMN binding [GO:0010181]']"
A3F3G4,"['metal ion binding [GO:0046872]', 'ATP binding [GO:0005524]', 'magnesium ion binding [GO:0000287]', 'transferase activity [GO:0016740]', 'kinase activity [GO:0016301]', 'iron-sulfur cluster binding [GO:0051536]', 'nucleotide binding [GO:0000166]', 'oxidoreductase activity [GO:0016491]', 'catalytic activity [GO:0003824]', 'identical protein binding [GO:0042802]']"
A3F3G5,"['metal ion binding [GO:0046872]', 'NAD binding [GO:0051287]', 'magnesium ion binding [GO:0000287]', 'nucleotide binding [GO:0000166]', 'oxidoreductase activity [GO:0016491]', 'manganese ion binding [GO:0030145]', 'zinc ion binding [GO:0008270]', 'transferase activity [GO:0016740]', 'acyltransferase activity [GO:0016746]', 'isomerase activity [GO:0016853]']"
A3F3G6,"['metal ion binding [GO:0046872]', 'hydrolase activity [GO:0016787]', 'magnesium ion binding [GO:0000287]', 'hexosyltransferase activity [GO:0016758]', 'transferase activity [GO:0016740]', 'catalytic activity [GO:0003824]', 'methyltransferase activity [GO:0008168]', 'ATP binding [GO:0005524]', 'kinase activity [GO:0016301]', 'isomerase activity [GO:0016853]']"
A3F3G7,"['metal ion binding [GO:0046872]', 'ATP binding [GO:0005524]', 'magnesium ion binding [GO:0000287]', 'manganese ion binding [GO:0030145]', 'nucleotide binding [GO:0000166]', 'pyridoxal phosphate binding [GO:0030170]', 'GTP binding [GO:0005525]', 'zinc ion binding [GO:0008270]', 'RNA binding [GO:0003723]', 'identical protein binding [GO:0042802]']"
A3F3G9,"['metal ion binding [GO:0046872]', 'hydrolase activity [GO:0016787]', 'magnesium ion binding [GO:0000287]', 'transferase activity [GO:0016740]', 'acyltransferase activity [GO:0016746]', 'kinase activity [GO:0016301]', 'glycosyltransferase activity [GO:0016757]', 'catalytic activity [GO:0003824]', 'isomerase activity [GO:0016853]', 'phosphatase activity [GO:0016791]']"
A3F3H0,"['zinc ion binding [GO:0008270]', 'tRNA binding [GO:0000049]', 'metal ion binding [GO:0046872]', '4 iron, 4 sulfur cluster binding [GO:0051539]', 'transferase activity [GO:0016740]', 'magnesium ion binding [GO:0000287]', 'mRNA binding [GO:0003729]', 'iron-sulfur cluster binding [GO:0051536]', 'electron transfer activity [GO:0009055]', 'acyltransferase activity [GO:0016746]']"
A3F3I0,"['identical protein binding [GO:0042802]', 'structural constituent of ribosome [GO:0003735]', 'rRNA binding [GO:0019843]', 'RNA binding [GO:0003723]', 'nucleic acid binding [GO:0003676]', 'tRNA binding [GO:0000049]', 'iron ion binding [GO:0005506]', 'transferase activity [GO:0016740]', 'DNA binding [GO:0003677]', 'electron transfer activity [GO:0009055]']"
A3F3N3,"['oxidoreductase activity [GO:0016491]', 'metal ion binding [GO:0046872]', 'glycosyltransferase activity [GO:0016757]', 'flavin adenine dinucleotide binding [GO:0050660]', 'NAD binding [GO:0051287]', 'transferase activity [GO:0016740]', 'methyltransferase activity [GO:0008168]', 'catalytic activity [GO:0003824]', 'zinc ion binding [GO:0008270]', 'monooxygenase activity [GO:0004497]']"
A3F3N5,"['urease activity [GO:0009039]', 'structural constituent of ribosome [GO:0003735]', 'tRNA binding [GO:0000049]', 'mRNA binding [GO:0003729]', 'DNA-directed RNA polymerase activity [GO:0003899]', 'heme binding [GO:0020037]', 'rRNA binding [GO:0019843]', 'RNA binding [GO:0003723]', 'electron transfer activity [GO:0009055]', 'metal ion binding [GO:0046872]']"
A3F3V8,"['metal ion binding [GO:0046872]', 'ATP binding [GO:0005524]', 'magnesium ion binding [GO:0000287]', 'GTP binding [GO:0005525]', 'protein serine/threonine kinase activity [GO:0004674]', 'zinc ion binding [GO:0008270]', 'hydrolase activity [GO:0016787]', 'identical protein binding [GO:0042802]', 'glutaminase activity [GO:0004359]', '4 iron, 4 sulfur cluster binding [GO:0051539]']"
A3F452,"['identical protein binding [GO:0042802]', 'ATP binding [GO:0005524]', 'RNA binding [GO:0003723]', 'zinc ion binding [GO:0008270]', 'nucleotide binding [GO:0000166]', 'transferase activity [GO:0016740]', 'kinase activity [GO:0016301]', 'GTP binding [GO:0005525]', 'DNA binding [GO:0003677]', 'metal ion binding [GO:0046872]']"
A3F480,"['ATP binding [GO:0005524]', 'hydrolase activity [GO:0016787]', 'glycosyltransferase activity [GO:0016757]', 'metal ion binding [GO:0046872]', 'ATP hydrolysis activity [GO:0016887]', 'catalytic activity [GO:0003824]', 'transferase activity [GO:0016740]', 'nucleic acid binding [GO:0003676]', 'kinase activity [GO:0016301]', 'methyltransferase activity [GO:0008168]']"
A8HU59,"['metal ion binding [GO:0046872]', 'hydrolase activity [GO:0016787]', 'acyltransferase activity, transferring groups other than amino-acyl groups [GO:0016747]', 'glycosyltransferase activity [GO:0016757]', 'hexosyltransferase activity [GO:0016758]', 'catalytic activity [GO:0003824]', 'transferase activity [GO:0016740]', 'FAD binding [GO:0071949]', 'zinc ion binding [GO:0008270]', 'pyridoxal phosphate binding [GO:0030170]']"
A8HUD3,"['peptidase activity [GO:0008233]', 'single-stranded DNA binding [GO:0003697]', 'lyase activity [GO:0016829]', 'metal ion binding [GO:0046872]', 'methyltransferase activity [GO:0008168]', 'GTP binding [GO:0005525]', 'ATP binding [GO:0005524]', 'serine-type endopeptidase activity [GO:0004252]', 'hydrolase activity [GO:0016787]', 'RNA binding [GO:0003723]']"
O05389,"['oxidoreductase activity, acting on the CH-OH group of donors, NAD or NADP as acceptor [GO:0016616]', 'NAD binding [GO:0051287]', 'nucleotide binding [GO:0000166]', 'oxidoreductase activity [GO:0016491]', 'NADP binding [GO:0050661]', 'metal ion binding [GO:0046872]', 'transferase activity [GO:0016740]', 'ATP binding [GO:0005524]', 'hydrolase activity [GO:0016787]', 'catalytic activity [GO:0003824]']"
O05390,"['transmembrane transporter activity [GO:0022857]', 'symporter activity [GO:0015293]', 'antiporter activity [GO:0015297]', 'ABC-type transporter activity [GO:0140359]', 'metal ion binding [GO:0046872]', 'oxidoreductase activity [GO:0016491]', 'heme binding [GO:0020037]', 'ligase activity [GO:0016874]', 'metallopeptidase activity [GO:0008237]', 'proton-transporting ATP synthase activity, rotational mechanism [GO:0046933]']"
O06996,"['hydrolase activity [GO:0016787]', 'urease activity [GO:0009039]', 'metal ion binding [GO:0046872]', 'oxidoreductase activity [GO:0016491]', 'heme binding [GO:0020037]', 'transferase activity [GO:0016740]', 'acyltransferase activity [GO:0016746]', 'kinase activity [GO:0016301]', 'nucleic acid binding [GO:0003676]', 'peptidase activity [GO:0008233]']"
O07618,"['metal ion binding [GO:0046872]', 'acyltransferase activity [GO:0016746]', 'aminopeptidase activity [GO:0004177]', 'oxidoreductase activity [GO:0016491]', 'acyltransferase activity, transferring groups other than amino-acyl groups [GO:0016747]', 'transferase activity [GO:0016740]', 'catalytic activity [GO:0003824]', 'isomerase activity [GO:0016853]', 'kinase activity [GO:0016301]', 'FMN binding [GO:0010181]']"
O07619,"['methyltransferase activity [GO:0008168]', 'catalytic activity [GO:0003824]', 'hexosyltransferase activity [GO:0016758]', 'hydrolase activity [GO:0016787]', 'acyltransferase activity, transferring groups other than amino-acyl groups [GO:0016747]', 'metal ion binding [GO:0046872]', 'glycosyltransferase activity [GO:0016757]', 'ATP binding [GO:0005524]', 'kinase activity [GO:0016301]', 'transferase activity [GO:0016740]']"
O07620,"['transmembrane transporter activity [GO:0022857]', 'antiporter activity [GO:0015297]', 'metallopeptidase activity [GO:0008237]', 'symporter activity [GO:0015293]', 'ligase activity [GO:0016874]', 'ABC-type transporter activity [GO:0140359]', 'metal ion binding [GO:0046872]', 'proton-transporting ATP synthase activity, rotational mechanism [GO:0046933]', 'endopeptidase activity [GO:0004175]', 'heme binding [GO:0020037]']"
O34911,"['metal ion binding [GO:0046872]', 'nickel cation binding [GO:0016151]', 'isomerase activity [GO:0016853]', 'transferase activity [GO:0016740]', 'kinase activity [GO:0016301]', 'catalytic activity [GO:0003824]', 'zinc ion binding [GO:0008270]', 'acyltransferase activity [GO:0016746]', 'magnesium ion binding [GO:0000287]', 'hydrolase activity [GO:0016787]']"
P15281,"['DNA binding [GO:0003677]', 'endonuclease activity [GO:0004519]', 'zinc ion binding [GO:0008270]', 'identical protein binding [GO:0042802]', 'nucleic acid binding [GO:0003676]', 'protein serine/threonine kinase activity [GO:0004674]', 'nuclease activity [GO:0004518]', 'DNA-binding transcription factor activity [GO:0003700]', 'RNA binding [GO:0003723]', 'ATP binding [GO:0005524]']"
P37543,"['methyltransferase activity [GO:0008168]', 'ATP binding [GO:0005524]', 'metal ion binding [GO:0046872]', 'kinase activity [GO:0016301]', 'RNA binding [GO:0003723]', 'hydrolase activity [GO:0016787]', 'transferase activity [GO:0016740]', 'acyltransferase activity, transferring groups other than amino-acyl groups [GO:0016747]', 'ATP hydrolysis activity [GO:0016887]', 'nucleic acid binding [GO:0003676]']"
P37807,"['structural constituent of ribosome [GO:0003735]', 'rRNA binding [GO:0019843]', 'tRNA binding [GO:0000049]', 'mRNA binding [GO:0003729]', 'RNA binding [GO:0003723]', 'double-stranded DNA binding [GO:0003690]', 'transferase activity [GO:0016740]', 'iron ion binding [GO:0005506]', 'zinc ion binding [GO:0008270]', 'nucleic acid binding [GO:0003676]']"
P45693,"['nucleic acid binding [GO:0003676]', 'structural constituent of ribosome [GO:0003735]', 'RNA binding [GO:0003723]', 'rRNA binding [GO:0019843]', 'urease activity [GO:0009039]', 'mRNA binding [GO:0003729]', 'ribosome binding [GO:0043022]', 'tRNA binding [GO:0000049]', 'kinase activity [GO:0016301]', 'nickel cation binding [GO:0016151]']"
A0ABF7SXA6,"['oxidoreductase activity [GO:0016491]', 'NAD binding [GO:0051287]', 'isomerase activity [GO:0016853]', 'metal ion binding [GO:0046872]', 'transferase activity [GO:0016740]', 'acyltransferase activity [GO:0016746]', 'hydrolase activity [GO:0016787]', 'magnesium ion binding [GO:0000287]', 'nucleotide binding [GO:0000166]', 'catalytic activity [GO:0003824]']"
A3F2Y3,"['heme binding [GO:0020037]', 'DNA-directed RNA polymerase activity [GO:0003899]', 'urease activity [GO:0009039]', 'metal ion binding [GO:0046872]', 'transferase activity [GO:0016740]', 'mRNA binding [GO:0003729]', 'methyltransferase activity [GO:0008168]', 'RNA binding [GO:0003723]', 'tRNA binding [GO:0000049]', 'rRNA binding [GO:0019843]']"
A3F310,"['phosphorelay sensor kinase activity [GO:0000155]', 'hydrolase activity [GO:0016787]', 'ATP binding [GO:0005524]', 'peptidase activity [GO:0008233]', 'protein dimerization activity [GO:0046983]', ""3'-5' exonuclease activity [GO:0008408]"", 'metal ion binding [GO:0046872]', 'DNA-directed DNA polymerase activity [GO:0003887]', 'methyltransferase activity [GO:0008168]', 'metallopeptidase activity [GO:0008237]']"
A3F333,"['metal ion binding [GO:0046872]', 'transferase activity [GO:0016740]', 'nucleotide binding [GO:0000166]', 'tRNA binding [GO:0000049]', 'zinc ion binding [GO:0008270]', 'iron ion binding [GO:0005506]', 'electron transfer activity [GO:0009055]', '4 iron, 4 sulfur cluster binding [GO:0051539]', 'kinase activity [GO:0016301]', 'manganese ion binding [GO:0030145]']"
A3F3H3,"['methyltransferase activity [GO:0008168]', 'ATP binding [GO:0005524]', 'hydrolase activity [GO:0016787]', 'sequence-specific DNA binding [GO:0043565]', 'peptidase activity [GO:0008233]', 'metal ion binding [GO:0046872]', 'nucleic acid binding [GO:0003676]', 'transferase activity [GO:0016740]', 'phosphorelay response regulator activity [GO:0000156]', 'serine-type peptidase activity [GO:0008236]']"
A3F3N4,"['phosphorelay sensor kinase activity [GO:0000155]', 'protein dimerization activity [GO:0046983]', 'phosphoprotein phosphatase activity [GO:0004721]', 'DNA binding [GO:0003677]', 'hydrolase activity [GO:0016787]', 'DNA-binding transcription factor activity [GO:0003700]', 'methyltransferase activity [GO:0008168]', 'sequence-specific DNA binding [GO:0043565]', 'kinase activity [GO:0016301]', 'metal ion binding [GO:0046872]']"
A3F467,"['magnesium ion binding [GO:0000287]', 'nucleotide binding [GO:0000166]', 'metal ion binding [GO:0046872]', 'zinc ion binding [GO:0008270]', '4 iron, 4 sulfur cluster binding [GO:0051539]', 'NAD binding [GO:0051287]', 'iron ion binding [GO:0005506]', 'tRNA binding [GO:0000049]', 'acyltransferase activity [GO:0016746]', 'manganese ion binding [GO:0030145]']"
A3F493,"['sigma factor activity [GO:0016987]', 'phosphorelay sensor kinase activity [GO:0000155]', 'protein dimerization activity [GO:0046983]', 'DNA binding [GO:0003677]', 'DNA-binding transcription factor activity [GO:0003700]', 'transcription cis-regulatory region binding [GO:0000976]', 'phosphoprotein phosphatase activity [GO:0004721]', 'DNA-directed DNA polymerase activity [GO:0003887]', 'DNA-directed RNA polymerase activity [GO:0003899]', 'sequence-specific DNA binding [GO:0043565]']"
A7XMX3,"['FAD binding [GO:0071949]', 'flavin adenine dinucleotide binding [GO:0050660]', 'identical protein binding [GO:0042802]', 'monooxygenase activity [GO:0004497]', 'metal ion binding [GO:0046872]', 'heme binding [GO:0020037]', 'ATP binding [GO:0005524]', 'oxidoreductase activity, acting on paired donors, with incorporation or reduction of molecular oxygen [GO:0016705]', 'hydrolase activity [GO:0016787]', 'methyltransferase activity [GO:0008168]']"
A8HU62,"['symporter activity [GO:0015293]', 'proton-transporting ATP synthase activity, rotational mechanism [GO:0046933]', 'antiporter activity [GO:0015297]', 'transmembrane transporter activity [GO:0022857]', 'electron transfer activity [GO:0009055]', 'monoatomic cation transmembrane transporter activity [GO:0008324]', 'metallopeptidase activity [GO:0008237]', 'metal ion binding [GO:0046872]', 'ligase activity [GO:0016874]', 'heme binding [GO:0020037]']"
A8HU65,"['symporter activity [GO:0015293]', 'antiporter activity [GO:0015297]', 'transmembrane transporter activity [GO:0022857]', 'metal ion binding [GO:0046872]', 'metallopeptidase activity [GO:0008237]', 'heme binding [GO:0020037]', 'ligase activity [GO:0016874]', 'ABC-type transporter activity [GO:0140359]', 'proton-transporting ATP synthase activity, rotational mechanism [GO:0046933]', 'monoatomic cation transmembrane transporter activity [GO:0008324]']"
A8HU68,"['DNA binding [GO:0003677]', 'DNA-binding transcription factor activity [GO:0003700]', 'phosphorelay sensor kinase activity [GO:0000155]', 'transcription cis-regulatory region binding [GO:0000976]', 'phosphoprotein phosphatase activity [GO:0004721]', 'kinase activity [GO:0016301]', 'cis-regulatory region sequence-specific DNA binding [GO:0000987]', 'RNA binding [GO:0003723]', 'identical protein binding [GO:0042802]', 'DNA-directed RNA polymerase activity [GO:0003899]']"
K8FID6,"['RNA binding [GO:0003723]', 'DNA binding [GO:0003677]', 'identical protein binding [GO:0042802]', 'transcription cis-regulatory region binding [GO:0000976]', 'single-stranded DNA binding [GO:0003697]', 'GTP binding [GO:0005525]', 'nucleic acid binding [GO:0003676]', 'DNA-directed DNA polymerase activity [GO:0003887]', 'ATP binding [GO:0005524]', 'GTPase activity [GO:0003924]']"
